<?xml version="1.0" encoding="UTF-8"?>
<databaseChangeLog
        xmlns="http://www.liquibase.org/xml/ns/dbchangelog"
        xmlns:xsi="http://www.w3.org/2001/XMLSchema-instance"
        xsi:schemaLocation="http://www.liquibase.org/xml/ns/dbchangelog
        http://www.liquibase.org/xml/ns/dbchangelog/dbchangelog-3.0.xsd">

    <changeSet id="create.table" author="linjh">
        <createTable tableName="role_info" remarks="角色">
            <column name="id" type="bigint" remarks="主键" autoIncrement="true">
                <constraints primaryKey="true" nullable="false"/>
            </column>

            <column name="role_name" type="varchar(100)" remarks="名称">
                <constraints nullable="false"/>
            </column>

            <column name="delete_status" type="smallint" remarks="删除标志：0否、1是" defaultValue="0">
                <constraints nullable="false"/>
            </column>

            <column name="sys_built_in" type="smallint" remarks="是否系统内置：0否、1是" defaultValue="0">
                <constraints nullable="false"/>
            </column>
        </createTable>
    </changeSet>


    <changeSet id="alert.1" author="linjh">
        <sql>
            INSERT INTO `role_info` (`id`, `role_name`, `delete_status`, `sys_built_in`) VALUES (-1, '超级管理员', 0, 1);
        </sql>
    </changeSet>

</databaseChangeLog>